Y2,X1,X2,X3,X4,X5,X6,X7,X8,X9,X10,X11,X12,X13,X14,X15,X16,X17,X18,X19,X20,X21,X22,X23,X24,X25,X26,X27,X28,X29,X30,X31,X32,X33,X34,X35,X36,X37,X38,X39,X40,X41,X42,X43,X44,X45,X46,X47,X48,X49,X50,X51,X52
0.06521173729401397,0.2879164263440188,0.010766972898279548,-0.001025084047199698,0.09352605801082348,0.024458652346095455,0.016432262046743418,-0.01913419473713418,0.11945627070080622,0.22025280582395634,0.03214120921179742,0.01218701610324402,0.0006432936857416749,-0.005366053504638479,0.01404829018621978,-0.022075951699200402,0.026724566529495064,0.22040673951016454,0.18656402635697988,0.09763846956391609,0.01245889205830153,0.01137918982662356,0.013287798056456523,0.002751899570682781,0.0015699440132550535,0.004925125378639095,-0.009950330853167877,-0.035091319811270116,0.004415018209117605,0.00011379905866704121,-0.07654723582343692,0.04290848946865644,0.11096439688150816,-0.005685942061258942,-0.011402750724004207,0.05213642350728698,0.04096520514354651,-0.01475183872312158,0.043647515512972745,-0.02588004096843477,-0.014613164209841045,0.0013704031493126934,0.15814533445412238,0.037209310045561494,-0.014228288470649275,0.1155732846938804,-0.03217074119183749,0.11402912400340526,0.21953318959115897,0.03451924704147302,-0.09151510883577352,-0.05142521180743742,-0.03468555798789019
0.09848237096369594,-0.1804589587750698,0.002237550782867359,0.00221714324113087,0.08552217343816193,-0.00014625295388537296,0.001114359530622444,0.026923084690316124,-0.02013473397144594,-0.09770843871551982,-0.007326040092073605,0.023937313143926886,0.0038510959020978675,-0.013152994262599194,0.010226531783831483,-0.004474280394920704,-0.0127732295080083,-0.08885118155837524,-0.15038044594631095,-0.057432049085875514,0.002879303709502068,0.001849322346846094,0.006683084551299956,-0.007737165864401874,-0.008892734034944283,-0.0008958468708062384,-0.010050335853501569,0,-0.002941178590816662,-0.010522237509219323,-0.0614847963117775,0.015266220803011876,0.00014269279158085624,0.016046307734070453,-0.06496160792825023,0.03751431088185875,0.009816573708521403,-0.00196111320117609,0.02707414066243885,-0.059158790229735914,0.01127099605398918,-0.1419148022659762,0.08882712290912309,0.039095479290205404,0.0021445142183811328,0.03266084293988136,0.08305004784457637,0.09372295007447029,-0.22760119037744175,-0.21158634005784815,-0.06899287148695166,-0.15872356457623216,-0.06241193239053011
-0.176476886371443,-0.18535702754718208,-0.019711081718163825,-0.004592641488452287,0.17958557697508004,-0.03988771496110122,-0.009722429937156996,0.011292958153999777,-0.07514503864555255,-0.7479884074181369,-0.028591133329258334,0.005678110909661527,-0.002565748681433888,-0.0007791196342701312,0.008683122573461155,0.002686969820825169,-0.008969966388971073,-0.7666000056916259,-0.49659665482740756,-0.17740754199152553,-0.025131966473583844,-0.026875810378982123,0.00010309710240896663,-0.009040174733229378,-0.010697096709670006,0.0016330091977305727,0.020000666706669445,0.035091319811270116,-0.005908436686166141,-0.036055833067223375,-0.1007887804382257,-0.005990584302891122,-0.06785842408366172,-0.038398917855245074,-0.08335317654192842,0.014670356198504209,-0.019511944942676607,0.0428767622452515,0.11383564281572944,-0.025778796118693492,-0.01772955489763639,-0.0784482422578332,-0.00005232409545996575,0.0005783070324376638,0.037474003122971666,-0.011350643129294014,0.0058682803133542905,0.13777303589435697,-0.47702839545946496,-0.2959981286934381,-0.1646219796945534,-0.262866903332057,-0.10198716192809609
-0.3618225954434493,-0.7218978160733229,-0.012211273983821158,-0.045775012598511466,0.1754486775061923,0.011732378386398068,0.006003058768329517,-0.010178014016235082,-0.02923426078212632,0.12153403469267143,0.02367711852682941,0.03172147668971981,-0.0064433212609325,0.007764014156220966,0.0035958327130556356,-0.006280864075414172,-0.027801037220607228,0.14187755513612443,-0.1575592317673541,-0.050261834780888304,-0.009327054234940846,-0.008472141655804677,-0.005499906727418846,-0.002542743262825553,-0.00196901725603027,-0.0039431480459004575,0,-0.0714589639821448,-0.0029673612278022787,-0.06391145820841615,-0.16020916030532995,-0.024055823477775462,-0.15319834347087102,-0.08570697669267524,-0.09866696863869961,-0.04287258346166034,0.021608408166226667,-0.027624524445680976,0.0034028405457871003,-0.04113091250230738,-0.06611287265246091,-0.08050231424581611,0.0005794372378105095,-0.02939131743025314,-0.020389327788484124,-0.08601597649411552,0.014462939555635046,0.12777085518263576,-0.17813224560586782,-0.17028571944976534,-0.11417114533998163,-0.23210769189093394,-0.1122516110431544
0.14469846052891278,0.5411201997007407,-0.003449942856962096,0.004631381424507808,0.08796877294595751,0.013931065960138156,0.003201325518796594,0.001306171846802151,0.010074337345727713,0.28982787668721866,0.00858374369139181,0.002528446353358582,0,-0.015588780214450537,-0.007204642115047122,-0.027373972000422242,0.002509910488736722,0.2875577484633073,0.1897034214851515,0.11111711050216311,-0.0009650125865690029,-0.00007813349174057294,-0.003578344933789168,-0.004927974281613956,-0.0043327340205827625,-0.004276260494378903,0.04831857727080768,-0.07696104113612834,0.001484781267579116,-0.04098972537558687,-0.09135498569461653,-0.022182448976026947,-0.03964217307977158,-0.11879344626193777,-0.1501627497111091,-0.007405763021479217,0.0194381018971459,-0.1102608256268276,0.03327035885657281,-0.009545607376296061,0.13269081192778032,-0.006274246980417786,0.09619149493991763,0.004117566111133897,-0.02089435705863707,-0.020938195597695497,-0.040287603504918224,-0.14141296111932533,0.32172153789408675,0.03764864794611089,-0.0991523597932531,0.016352565646513995,-0.14371478001522142
0.03124502801667539,-0.09785486620192074,0.004696489047089969,-0.00276984094406707,0.031090587070031095,0.0012787784776575606,-0.004103404042385073,-0.010345267881161746,-0.011277799432156677,-0.0194347293224002,-0.012285166794577584,0.0012618298204216671,0.0012919898438026323,0.0015698590351203023,-0.010905233482262133,0.012867824611393353,-0.004477508040125144,-0.027222853099230893,0.0376378081927764,-0.07268973336827766,0.013563603625666332,0.013728878123583144,0.005963420484436099,0.006702283373488882,0.006608661124523962,0.0016391581532673172,0.04609110720026699,0.03922071315328124,0.0029629651306573024,-0.035214964008520866,0.002624990131682381,-0.04922324869190753,-0.20019500209797592,-0.10698655531852808,-0.1652955630439994,-0.04686016360761691,-0.05690682642999967,-0.05642466654116696,-0.05202349489104563,-0.04761773447282991,0.12670791978190366,-0.02190458276920282,0.03252117481574501,0.036466412901011935,-0.03509563980677832,-0.011402191364245695,0.001346966468270594,-0.18937641471605815,0.053962994890483174,0.08123389304368978,-0.08849307825345143,0.09627381675784452,-0.09607813069321125
0.0050762248581719405,-0.12159060263732258,0.013903956277985685,0.006711220101873749,0.010152371464017929,-0.00009261017144179817,-0.00764966140825063,-0.0084392268850495,-0.01940633218351895,0.01814067976783207,-0.017456802404160143,-0.002525253867194266,-0.004529286293593948,0.0039138993211356166,-0.0051300955310304985,-0.026841037524811817,0.009157414069488112,0.020486300677203695,0.044319299080889496,0.019646997383796494,0.006577307903953056,0.005885941481992063,0.008451238959013452,-0.0011023296168310992,-0.0023472738570120555,0.0009404064958147274,-0.03670136685042813,0.0377403279828471,-0.005934735519814716,-0.041548378382994855,0.03585326226989238,-0.07259618486715347,-0.2253303964420681,-0.1000935269858445,-0.0979551420002096,-0.05010361154230836,-0.0855724262617592,-0.05903127318662449,-0.04461779161761825,-0.09553906330628337,-0.046867824529627455,-0.009679896879086769,-0.09694838358402258,-0.015178844868916741,0.014784584109337473,0.006608072088784667,0.12439624275925887,-0.13354946328573725,-0.17065605984196885,0.02710192977779169,0.007092228309492299,-0.03575928870470868,-0.10192354929996394
-0.0552226226780288,-0.49987100923445027,0.007710180363782015,-0.00735273924114388,0,0.0077586993757217115,0.002317251109895224,-0.026725166141085666,0.015978877868651153,0.05598768277114363,0.007518832414027621,0.004205220662979237,0,-0.004698520781554194,0,-0.032414658684281505,0.014486135306176706,0.05870101279920059,0.060088744840961716,-0.02961716970364625,0.009631235381892367,0.009782787021507033,0.00996571351852893,0.0057787023679338745,0.0057931702733604595,0.004984057030229749,-0.00938974034983886,-0.0377403279828471,-0.0014892035514675328,-0.042277783985220196,0.026131225281302406,-0.07271356030442178,-0.3502835664020765,-0.11087144257758297,-0.0644739115937547,-0.07209890329387747,-0.032074321525053406,-0.003551981001823634,-0.031981423409716214,-0.06666579763953706,0.01438325263544371,-0.09564693683731029,-0.08463212025861822,-0.06075908801500596,-0.0025818870347613654,-0.11623688324397818,-0.0417025845499186,-0.1435442457911833,0.07534514428341055,0.05361679617398263,0.038132869695443716,0.08495406546311202,-0.07578892733184794
0.12704043454585268,0.6282088325392277,0.014496905399681737,0.02024858959931386,-0.05182506786458596,0.001533531370609964,0.003488904904796364,0.00442998605602174,0.030478689473530274,-0.01186371019628396,-0.002500001302085053,0.010851525516129001,-0.001297858715599176,0.009375068665455899,-0.00589537448067734,-0.01562531790308075,0.017976909663069307,-0.013906446251748195,0.011257154524634494,-0.062003327305239386,0.010470127429599074,0.01063955127728633,0.011814938733557767,0.008927585750203804,0.008854549744206963,0.006740472276714371,0,-0.03922071315328124,-0.0029850768434531716,-0.006480811830329003,-0.013021927887608697,-0.0034382568752384657,-0.1553540317474127,-0.07798663978797116,-0.04491928969934378,-0.009962701439063082,-0.02295177236958601,-0.03604700957517082,-0.08668810945482264,0.05571420443264152,0.028381106748620155,0.02408908664760112,-0.020355225367444163,0.07495795828483409,0.05034676497034596,0.1265244689056928,0.19521244410532645,-0.062135282125510116,0.1436788079521616,-0.09232427207208183,-0.0925927868278249,-0.02623101214886958,-0.05178927342489015
0.003833290466326744,0.14571603064099925,0.010716593607776659,0.009669015813265958,0.010582109330536937,0.002172299916573195,-0.0008122202670897138,-0.007508436282940956,-0.005399779630931079,-0.010056012817234894,0.011201112754821274,0.009502240471186418,0.004535155165390492,-0.012519725344927402,-0.0029607719630329044,0.038614836127779384,0.010885399655320427,-0.010104741337587875,-0.0006786562866516466,-0.08217718020216913,0.009031165392805462,0.009656824154983923,0.009886614981974517,0.007108968493582779,0.007743346863449574,0.006926121218704395,-0.028710105882431503,0,0,-0.03586424363788865,-0.07457279828042651,-0.018440379458425582,-0.04164707808534551,-0.03885090694512705,-0.03012611526935416,0.03906443960363504,0.013002249395114518,-0.08383614224812419,-0.10411215397020612,0.03988614736226026,-0.05547199258745472,0.008403716511953263,-0.02901401630319178,-0.01010353366878114,0.049228425375140716,0.02192628162684329,-0.05402860601338233,-0.1318999130087004,-0.11706913251629203,-0.04374454896285762,-0.06553404137907304,-0.03780421962264757,-0.06213178110700657
-0.1552029072540826,-0.3184424894662463,0.011027628000517709,0.00792491798938677,-0.021277398447284934,0.003381948207417551,-0.0021259690406187914,-0.007087414299095762,-0.033234977738018756,0.09630745457597545,0.0024721891453891587,0.00041109969746511155,0,0.0007870917368171249,0,0.026169717733385056,0.01161810169274169,0.10034250578274029,0.09605050928474235,0.1177830356563836,0.012498318840346911,0.013184118502685749,0.006545721047910291,0.00611025034072199,0.006758985181658517,0.0024128260789062494,-0.09143420595963159,0.07696104113612834,-0.005997019472374632,0.004135254628851115,0.010812817361243177,0.0011987330152276598,-0.08298367208331747,-0.019366924563033905,-0.022665265354506303,-0.004760372612562236,-0.07819954058600764,0.0006015439809772261,-0.05870440934096521,-0.051218444274866215,-0.030977714355179486,-0.007162364739702554,0.18234012217286555,0.029326586945048305,-0.034534876836316286,-0.05114242376538236,0.09310672683789001,-0.10178631248522052,-0.1209887500741349,0.016129381929883557,-0.008000042667076102,-0.06657240713524537,-0.02442869568496242
-0.017671359229723294,-0.5324038533754827,0.002733124342901405,0.015891958789257643,-0.03278982282299081,0.01937500458066932,0.024428297923916986,-0.0014873182326553547,0.019835457672361834,0.17032065964689025,0.027999394500358044,0.0008216927331670121,-0.0025889982099052133,0.01250993640667275,-0.0014836797973911686,-0.0009229349986012991,0.026587636319186814,0.17060621778632812,0.1857589559664683,0,0.012186920357791564,0.01174575775886666,0.008165238081565107,0.0038124087446078647,0.0033520778901383608,0.003221534625719613,0.031416196233378546,-0.0377403279828471,-0.001504891179419765,-0.0380356317458137,-0.008614691298950206,-0.05131639940763755,-0.1527378863337816,-0.04946247076655119,0.025248055122055746,-0.056894185160324184,-0.008542809037061616,-0.09585823855389819,-0.03308754524865165,-0.05943401116687319,-0.005747476168089349,-0.02767216243602988,-0.11275154821899847,-0.07331228500150999,-0.08564413074727284,-0.029735038855616125,-0.0104375261623737,-0.05788864373879932,-0.022313983144538696,-0.028399474521697776,-0.03681397312271617,0.07116220291501829,-0.014792017468319152
0.148473132295873,0.6929177623715272,0.013336162375244598,0.004686975323940246,0.011049836186584727,0.010040401451433034,0.007036547846031915,0.019268993729903094,0.04652001563489261,0.04721634404263142,-0.015729301908543825,0.011433362603847641,0,0.055170771133971286,0.0022246950221109785,-0.00741430643922758,0.007914920460791564,0.0326559629740526,0.007144710158023315,-0.07474128439781547,0.01081653879109723,0.010142811447437339,0.00974212632287852,0.0010284818817751784,0.0000792826491178289,0.003325952538153487,-0.05292240145434235,-0.03922071315328124,-0.007558614973927291,0.013871879160790357,0.026490750599386104,0.00799726208208007,0.005411059467194335,0.019213988016943517,0.0742969407147136,0.03142453145520818,0.016400650043967957,-0.09586188366369619,0.04580647441160579,0.007238991143372786,-0.050277545477831254,0.004752647221488715,-0.04845709966019385,-0.033281649385454415,-0.043024789481346914,-0.0965948462495021,0.02213356592556437,0.22989076621054494,0.26810909136333727,0.07582816809280857,0.008298802814695527,-0.013833073606126511,-0.021403908663153004
0.01040980989967899,-0.05954615696296983,0.005781103868304882,0.011046177721587114,-0.011049836186584727,0.005156757507374543,0.003803545010391929,0.005624345907901507,0.0034692316263811307,-0.027062721322095307,0.004866189651172803,0,0,-0.001471670611456588,0.0014803851704341398,0.0551926587193341,0.009979704020096847,-0.0183739294955918,-0.024711682184856976,-0.11750591219610929,0.007654584707278644,0.006373052287909076,0.00955017454338325,0.0030393458605821877,0.0016138041961326621,0.004342835399015144,0.06317890162153184,-0.040821994520255256,0.0060514556833553,0.003949122618317702,-0.0387041622705393,0.02337608365460042,0.017196999773593902,0.0018359475904432543,0.049791786529427284,0.026134681090166367,0.023668371151192247,0.040527333548235234,0.014588860185380526,0.01562776310070113,-0.01846627842277826,-0.0005041310847566649,-0.01603819785998617,0.02807649178116911,-0.032695549396279944,0.0780675889350455,-0.04210011893674093,0.14606869582524062,-0.02019795162068405,0.023162899279538074,0.02045061047129071,0.07543368284585394,0
-0.10710441075582011,0.06277360360973638,0.012359636536148244,-0.006607027458136017,-0.057158413839948796,-0.005378293461350658,0.0005849089204632563,-0.0105902915385645,-0.0518850722757529,-0.09206728792568786,0.010863112257371021,-0.0012187691941294432,0,0,0.0029542118974310583,0.02004424405865457,0.005434816189232805,-0.09760350831845277,0.006235406017283784,-0.01507566240544711,0.005022869032007549,0.006078103607766394,0.002862271995674348,0.001724619889863277,0.002626687264058347,-0.0009607261152808633,-0.04167269640056803,-0.042559614418795966,-0.00453515516539138,0.038693058518980195,0.0614219160793521,0.028491180601264432,0.05082146710926594,0.012596908597139134,-0.01329709736712914,-0.015391981119147857,0.002200998130502896,-0.0776296930499818,0.010182604792168704,0.006849765790491347,0.00009601720635643574,-0.02862561311548717,0.14320841431086606,0.04326726100177858,0.05617287989918118,-0.04239302963099334,-0.07347209600096605,0.025778398059484786,-0.11432915722001269,0.09927172902126458,-0.045556531602366945,0.0811185550069995,0.03232445400981376
-0.016395947999615856,-0.569917622691845,0.014195925791248953,0.029496197235522104,-0.03593200922606332,0.016349712861026156,-0.0114250017768871,-0.011339453879669392,-0.011237800546307852,0.15793464860131579,0.017846993625060037,0.020121403199421017,0,0.002941178590815774,0.011001211061973493,-0.003457220383857873,0.02195650147382011,0.1609994353021975,0.06662453348834552,0.010075651988741496,0.013792173945407882,0.013255794164429346,0.011333892058818407,0.007188448037872774,0.0065875094585443605,0.00452952965597575,-0.06595796779179741,-0.04445176257083361,-0.009132483563272231,0.010117251365016955,0.011451062030539916,0.00950808539522896,0.05772043352543044,-0.004505197142183448,0.023320179503024008,0.019111254332612404,-0.0032041164348211026,0.013681701696935278,0.025198332243697052,-0.017694436781575007,-0.02891044737724968,-0.01177314312775124,0.10135878891530936,-0.05596763512106584,0.016876780022938576,-0.01541479581223193,-0.09772087514776473,0.0037812684866675994,0.11280902224619282,0.08411422382847622,0.02096512846504428,0.051739844793145195,0.04549685326856867
0.14011037955144623,0.6266533445278011,0.008569914173390814,0.0057904379171436204,0,0.000374833835321553,0.007036547846031915,0.0035535606029872824,0.02660581929057848,-0.08229889881127939,0.011723463696059255,-0.001994018606864323,-0.0006482982398861026,0.008043919058513538,0.0007291287235160482,-0.0867752773544872,0.011510212824557442,-0.08294769946355962,-0.09339778618840389,-0.08632808348849719,0.0041662105805002625,0.002856644561656907,0.007893642189008787,0.0017542081163810508,0.00034153331760222727,0.002712519763862886,-0.02298951822469908,-0.04652001563489294,0.0015278841780537178,0.0217998371669772,0.05685986327835302,0.005354366879151584,0.14507267941060853,0.05163712667316922,0.0061101680033903705,0.028042762175669367,-0.005417868772608969,-0.05064373281875589,-0.03358023556212686,-0.04168828148813297,0.10368891127058255,0.014364290535798574,-0.10048328678966989,0.07211081056407487,-0.07312537103881844,-0.02938086742258683,0.03355803741237118,0.024945547692787784,0.28557118753842836,0.028835549639887326,0.01646127705407263,0.044246848736384514,0.05340374188209651
0.0945819898532907,0.10996286348839135,0.00691129398139978,0.004367991504539148,-0.05001042057466121,0.00837090061102952,0.003803545010391929,-0.009747286570026326,-0.000067482512970507,0.08256787972281199,0.025317807984290397,0.00517620108532757,0.003237296449791316,-0.018376114295718615,0.005089069507471677,0.06489256610498018,-0.0016649566436317542,0.08371525738790053,0.09170019877939417,-0.07368771579115929,0.00492539943453707,0.004929213653142028,0.00525207760680324,0.002023513177370262,0.001852165499663272,0.0008727298799264815,0,-0.10008345855698264,0,0.024132289529015694,0.07716840540024705,-0.0024349800911984687,0.0239379313069481,0.02274502283964175,0.013852868028243037,-0.013084949546438907,0.006319943216032797,-0.012365866848735863,-0.027555156625583166,0.019468436803206757,0.03517242350976524,0.009766596784180237,-0.009661314680277755,-0.03503044333576533,-0.027588697774881155,-0.03287995306124536,0.014549136688401632,0.00043546054151555325,0.038917149629666525,0.12036368224987548,0.10454385575127034,0.05397229958059757,0.05002756044456991
-0.18381236774833276,-0.194065114341182,0.006163752451772808,0.026872469767894813,0.012739025777429802,-0.007835045113639083,0.0005849089204632563,-0.021008968506150083,-0.02626650567365907,-0.14098291088960835,0.009049835519917337,0.0007939659011766409,0,0.011799546931155369,0.008664314130141015,0.03734693694708913,0.03388814422468123,-0.1453658502715256,-0.039356644721655565,-0.01481508578514057,0.009566735802739146,0.008417674031839795,0.008587358069160445,0.003972873560734058,0.0029459570884426967,0.0024560698730695663,0.01156082240107592,0,-0.0015278841780537178,0.021794371034994597,0.010110508371669269,0.027830868552168653,0.06858324957755357,0.035777501059843786,-0.0003057658213201364,-0.005557679116746428,-0.044321749975679836,-0.05263180846517912,-0.04305222420497934,-0.06506934761259053,0.04300715370374952,-0.01447402494666683,0.20537714723164413,-0.04512030777133624,0.008308965938624624,0.017795797717012007,-0.001195705998819463,0.028260793895022118,-0.09910658729349109,0.046988509435919035,0.0431721718652085,0.1515231997784925,0.07032887702969415
0.08973448382968563,-0.3863254519220849,0.012629708414909402,-0.007115554739122842,-0.051959738930711374,0.013720709913086715,0.007165205503582683,-0.003036338366062097,0.0062053262988222,0.10972489925921192,0.04190249165400939,0.0212022076506031,0.0045146803545268455,0.05143991120476166,0.00787687567109252,-0.019802627296179764,-0.026959528206914385,0.11128790064160299,0.026654959546533963,0.06360524995457251,0.00890689808541012,0.010292971932845063,0.005635984174288566,0.005313369423788572,0.006510864836798191,-0.0004547867187252308,-0.01156082240107592,0.10008345855698264,-0.006134988567516153,-0.010356951373877266,0.08351309234994808,-0.06206550227592089,-0.016185386899303822,-0.038611342543276805,0.0022874201918003934,-0.014606066082549773,-0.03262949723170472,0.0468793256789386,-0.03697947552632641,-0.056610468620759136,-0.019880410937066273,-0.135660433061096,-0.2668450464810608,0.001390667159391512,-0.059830866497325275,0.04875869681015743,-0.07466031904160175,-0.008535136496421458,0.04931382399485784,0.03964096951584395,-0.0395024429762465,0.04872023654449542,0.07845985965617963
0.15931588906351912,0.561652927641834,0.004230594361635198,0.008355235961758467,0,0.0031354778334993227,0.01068972580372396,-0.023164427472444515,0.05713104909571243,-0.024239231397737093,0.007530966201164446,-0.0031128429804905267,-0.001932367751053654,0.024080970993268558,0.010642172096145153,0.013817145553141508,0.009477398119299707,-0.02410400575281324,-0.05533810388470428,0.22258317024042507,0.002249810893502513,0.0016875667478295497,0.00762325809090747,0.0015376124126547097,0.0015735280862898549,0.0019439460170787015,-0.047628048989254435,-0.10008345855698264,0,0.027713158888341027,0.035686037483129596,0.022960786431713842,0.08655499391965016,-0.03408780362188857,0.045055946074093356,0.017849106705062567,-0.01047677856448459,-0.0196286830750374,0.06294523765262028,0.06484358842841687,0.012238009900880087,0.10961297515041224,0.05356561098664159,0.04207894823220215,0.052035459298542364,0.012006448141249848,-0.026927325627589482,-0.03813734608814201,0.2742612874598631,0.03475319639300256,0.06385147198653307,-0.09377290048543863,0.06630107982123956
0.11289494509091114,-0.04411130300441357,0.012585444020881909,0.001392806871239216,-0.040821994520255034,0.0027584572706187416,0.003239393827251469,0.005426967813039418,-0.003633205949987506,-0.02101738905890027,-0.007530966201164446,0.008537110445209883,0.0006445375666253028,-0.004770026080180401,0.004927852281240597,0.024567097455173936,0.006416170139043942,-0.023311078868447188,0.02868314433817032,-0.031893363775953754,0.0077825159906730335,0.007789311930821441,0.007505837550418448,0.0037316236260949154,0.003699447200887107,0.0020620646535842724,0.012121360532344916,0,0.004604766386748338,0.026101674090405425,0.032107360305198895,0.02248106846365694,0.05435512895249772,0.03690395851175943,0.029547079984489244,0.00877847368562179,-0.018009791014266696,-0.030698118648222916,-0.07019815085187808,0.08708121222568721,-0.004251696472390876,0.051020465206578436,0.05160984584235173,0.027431283321909916,0.045351038950650846,-0.041558714772857996,0.03552208776601695,0.031083069604605384,-0.039580356980829734,0.002701791579347912,0.07606971873676027,0.016378198898642005,0.052505497377930865
-0.13194671756587795,-0.03309332006372401,0.013042053962305289,0.011656968160059122,-0.07197349962508914,-0.00470893296897934,0.0003670526586976308,-0.008693602540458478,-0.035577702888415,-0.07483117456857258,-0.02293929094625291,0,0.004500168314612196,-0.007542030950974166,0.0035050859579461857,-0.013479563828240337,0.007964492263544898,-0.07099662174819343,-0.02014603389296088,0.0363676441708749,0.012155429759683756,0.012550555769038851,0.014397668743166392,0.007983001637306586,0.008324016474109186,0.007289552784946807,-0.012121360532344916,0.10008345855698264,-0.0015325673497779135,0.03841353192073349,0.04425425674760142,0.03485988731497969,0.0727635051929294,0.07595074855200146,0.07576052637410946,-0.016804133885209183,-0.008230606210878122,-0.01504636247529234,0.053805451591951936,0.026793352212973076,0.0031052693775492912,0.0014078296411437208,0.1289327858521876,-0.007401766268275267,-0.035935998360386634,-0.01687092952312952,0.06762488982478132,0.0271408981352117,-0.08460883564562138,0.0374030029669985,0.055741983008235074,0.13414510679461777,0.05425565418198719
-0.08983548820738463,-0.4084737520014343,0.0006534918283520597,0.022302692208887365,0,0.013823828509097247,0.013349154530423846,0.0017839718175087782,0.05669993148941366,0.0732379805638681,-0.01559051622911678,0.013433324246082456,0.0038412339164768383,0.10384525949628998,0.017343480163597214,-0.07848892531418183,0.018431952547089736,0.07155140678322747,0.030193845128279495,-0.01801850550267825,0.008623412786469942,0.008559367411415053,0.008830885805936717,0.0038262559871924395,0.004064827276771155,0.0024631047144385576,0.012121360532344916,-0.04879016416943205,-0.006153865574378692,-0.0016094261324095527,0.010686976645407853,-0.009202491088579734,-0.03285142410431696,0.015977963112655758,-0.04088609992176728,-0.05433088038544298,-0.015662724934740524,-0.00579656680770313,-0.03910324976143187,-0.09917007033913627,-0.0041063372668102005,-0.027421379654633427,0.04786205554113998,-0.004085049609297897,-0.08350625769443276,-0.10047589023686143,0.03681272162169691,0.012859542153091041,-0.044541992173536826,0.001298701481237785,-0.021309786586750867,-0.07723858212476742,0.04221637076290907
0.13667396549274358,0.5804228273859309,0.01840142077972473,0.0068797671138352,-0.09381875521765504,0.008638252249999034,0.00826859015461956,0.008511638668160515,0.027279135027535872,0.043580138468860774,0.005595985504120549,0.012878965892939576,0.010804045353346226,-0.06602846429872411,0.010944021679317295,0.010041161499490414,0.016915829612447197,0.04341430545383518,-0.02403049742061092,-0.06090875308699273,0.014236061402730371,0.01418162260329936,0.01182871848351219,0.009243486506587573,0.009311406900742725,0.005074953276386296,-0.1013524942602877,-0.05129329438755059,-0.0015444018513735003,0.006730119389596112,-0.052354426202475324,0.041886166204047726,0.05987276320534818,0.06705014652397523,0.1003241959595158,-0.01586908664206277,0.06442074928142638,-0.050225483273598215,-0.00491244046414252,0.0909096700210128,0.05317947223574215,-0.036578310982097406,0.0006836587193497223,0.008562653883235072,0.13803250669366385,0.12294085744501793,0.07207848120995664,0.05401357531777151,0.2634691991759617,0.011613033737660317,0.012232568435634583,0.05519360120463901,0.05203616748327988
0.07872198806648534,0.10188239789005671,0.015935166297554204,0.01255347619389724,-0.03333642026759165,-0.0013098953536987423,0.003333556949969285,0.019326087957151294,-0.015356664844067502,-0.0779584980044632,0.018795467620038586,-0.0007530120837744292,0.01692299866478386,-0.06785747539563491,0.01418463499195699,0.009941338087847917,0.01500657037603581,-0.07783237124470421,-0.029620248061711818,0.014388737452099898,0.012615378818058076,0.012728931947989963,0.014369224951547466,0.009789338175991702,0.010022403845582062,0.008981668677721544,-0.013423020332140378,-0.054067221270275634,-0.004647568396547008,-0.0005597269794517246,-0.025770029433516584,0.013473029747991916,0.048953299633403446,0.052181150330463666,0.10389766480719942,-0.0006375852331164111,0.00146701116622161,0.004499332691592528,0.0024948334274643713,0.02763689476341824,-0.015319828629856147,0.0009394457961136027,-0.09634144064773231,0.01644238050460345,0.04239115300928731,0.013641835748327225,0.06378424260995885,0.10181730493129315,-0.05215941117159595,0.025959039170096787,0.018072781059694343,0.04329108160572126,0.04820210181787754
-0.06961993872522143,-0.13134701593113007,0.006141210512264905,0.01734831086521993,-0.05218575317057028,-0.013615723316856787,-0.00007244323330191094,-0.02172542581665926,-0.04361313553943447,-0.27256606750849866,-0.008800936895042355,0.003384097984240775,0.010510143115372905,0.06785747539563491,0.008681189745046503,0.008060948261632284,0.013655142357142935,-0.2804370455271856,-0.10588808095626678,-0.08183001824763236,0.009964353904731382,0.010217318012376353,0.0143273558407504,0.011112037982965006,0.012016208059186795,0.010035517115440484,-0.055569851154811056,0.054067221270275634,-0.006230549750636527,0.054508549767790626,0.12053313165861468,0.016547670310375295,0.06012193531245913,0.06977395993065016,0.076918407335123,0.020374982749668646,-0.007344157398526008,-0.019441559208980053,0.01645168786649087,0.07170776287941649,0.055048440161431955,0.001018401198276564,-0.16622694023019946,0.04021906040338763,0.039672561705641485,0.010389008687170076,0.049158429674294624,0.11147492477845944,-0.09992940071665579,0.007782140442053276,0.07751368000070524,0.017949199829981666,0.027353549581597747
-0.03947418987492135,-0.2776057872559452,0.007744753278496219,0.014551149108374517,-0.03636764417087468,0.005550721255453084,0.0075441937287719085,0.005503438500581659,-0.010840311327824814,-0.038361091172404826,0.019694290802926062,0.016012257954021614,0.0018433184942887593,-0.005315627134387491,0.013866184531726944,0.008881053043960918,0.012374852770966172,-0.03322051332785614,-0.16332978464929537,-0.04762804898925466,0.002493609530816343,0.0031815330259021835,0.007775530833841415,0.006650139179761538,0.007681590223114654,0.004162959451816661,0.014184634991956546,0,-0.004698520781554194,0.03135545425821462,0.07378310643328234,0.004760842958317468,0.03716414727664308,0.01653608883400537,-0.06908341261429207,-0.0008821325911920752,-0.013959156412122198,-0.034775314120539136,-0.09068836173499761,0.027464304117998495,-0.002856285193781005,0.011450241684725526,0.019816804154707768,-0.06410128593658904,0.006780050359253664,-0.06569615572076515,-0.018602648607105365,0.1719412324133902,-0.010156320230940707,0.007106472051695789,0.029934207818044456,-0.07142366882640161,0.02303597518465672
0.17737372586576505,0.6419864082129951,0.011187072591900105,0.010862275383065167,-0.01869213301215278,0.010611844117857316,0.008981056276208932,0.007617666733950479,0.028168454901454254,0.12338565500885057,-0.0021691982475458005,0.001845359445984407,0.00611997014178467,-0.02154965545958376,0.007838054497083746,0.01578980173263478,0.009133715416858479,0.12500139982484815,-0.008318938790060626,0.08565544457849383,0.011584748689958957,0.011853416627452873,0.009853322656905306,0.006747197869881205,0.007105491443457623,0.004959604416102437,-0.04317217186520872,-0.054067221270275634,-0.004720701134937499,0.06324269782054692,0.04832114071074756,0.07280674787250696,0.1766816769043693,0.07690995594060723,0.035602457461903825,0.044394018870516305,0.0804038386616206,0.13744683469723462,0.0015323912127875872,0.10223546254376892,0.03950612250423724,0.17714186367643414,0.09779611992557591,0.09904293460833458,0.009899557968203965,0.06601076192110256,0.017895125947271495,0.04413753127964348,0.35438979455095243,0.16142535146366122,0.13051074928060125,0.16996300609015869,0.05404619365049612
0.10903398483006121,0.13922150276969525,0.0062081200573533835,0.009177758302588046,-0.05826890812397578,-0.002908204818171889,0.004529313354129094,-0.015572701392094324,-0.019929295236344124,-0.16373838928589723,-0.01091713899534863,0.012458937267630255,-0.0024434954124759045,-0.004092775153753614,0.0025990917815201797,-0.014023016820749135,0.007459369745076216,-0.15855087219780095,-0.13706804546032447,-0.040614719154190126,0.01001495442050171,0.00942861645241777,0.010784258708326888,0.0075972931046308645,0.007088277875411109,0.005912291549732274,0.07095173597228444,0.054067221270275634,0.004720701134937499,0.031232542857480894,0.045733612673583224,0.02194068933502713,0.08217281662840925,0.045684535129026926,0.004379171291287065,0.052036405994583035,0.0005307234353111312,0.08689662834640721,0.023307021486123958,0.00439888149890777,0.017638730979411932,0.05180553445757674,0.0506608899157186,0.01555621152332165,-0.035188603931507245,-0.02491585179210354,0.04736368842314498,0.002834774839591603,-0.12105426945224629,-0.10138043980838773,0.023256862164267034,0.007456300676453864,0.046588831655289376
-0.16731476897746766,-0.27074472102414937,0.001370121205299668,0.006935277781897398,0,-0.0059856439380201465,-0.0005718280915054663,0.0116011118029542,-0.05338382024592381,-0.14265482690081566,0.002192983335010723,0.011225900978883097,0.0030534374868906866,0.03029514754777729,0.005823374593176389,0.0052817024191762485,0.005657634208068529,-0.1383007845537063,-0.08104121000312592,0.038124057841738335,0.004024285602302058,0.0030324129267071953,0.008779307874334563,0.005019848979781472,0.004251490429062699,0.005546681865167713,-0.04196419909903226,0,0.001568627772626563,-0.00867644106436316,0.010662690036083333,-0.021418638054203853,-0.028301452970277197,0.012603765481140172,0.024583258189347035,-0.0505867446092374,-0.013673633929442985,-0.07285939120089857,-0.014161661856899599,-0.02370955552655829,-0.009583859096201408,0.017825118496840986,-0.05172800125344601,-0.01611444220538516,-0.03540735611208845,-0.07167030626369986,-0.0687830096830151,-0.04429237972470901,-0.07392898778120305,0.047007521656023954,-0.009237940984936799,-0.03607139176165752,0.03792763649389119
0.027233218768584422,-0.2774116381859244,0.005071098593905532,0.0043509130935355245,0,0.006771231183853033,0.008195489105008669,0.008073344292790274,-0.0008750292458401532,-0.05350890300636735,-0.003291281084073283,0.019965012523717185,0.02647567398402728,-0.03371863599929803,0.015365219064055857,0.02171166484420084,0.004545891662846913,-0.03464166079510833,-0.10008345855698264,-0.07775936469913391,0.007836498948073256,0.0078351452551928,0.01167625173964737,0.007307313682577643,0.007574165418489542,0.006075743004821277,0,-0.11122563511022432,-0.0047132844520980655,0.021935510920801704,0.02123988534333776,0.022401934807088963,0.09062488837618332,0.05514767796789144,0.04369658104595331,-0.014152015466969203,0.04781768967865929,-0.020760725517479983,-0.07484061889461913,0.03155348940169311,-0.02970486201749445,-0.07496691565862967,0.02050563835371122,0.05146282983033856,0.0870279314211917,-0.02857375868066825,-0.0031525608694362717,-0.02825505518181437,-0.0300994408201678,-0.04353429095752048,0.03645050450982179,0.015285424001822534,0.02133597796716913
0.14111492846049423,0.7001392917738603,0.010060322072519057,0.0058009506543399425,-0.020202707317519275,0.012046477723904658,0.011507748992566569,0.005998927279502908,0.043523848264835685,0.1926403453567831,0.030305349495328926,0.003523611820483552,-0.002973537724730413,0.02171048637090145,0.00822529154906082,0.014499187905978594,0.005231726776429468,0.17497125513377243,0.14784237585766913,-0.06399958283296092,0.01132269938034014,0.01158082382540826,0.010693556794809211,0.0050692646298813315,0.005429562473583616,0.0033981744315418894,-0.04380262265839274,0,-0.009493742192250743,0.007708616019316494,-0.00766604527536785,0.017859727031650507,0.08720591842589087,0.044235030013945575,0.028019795522096658,-0.028142180013515983,0.012923948381882155,0.05920480452216381,-0.012836512966590163,0.08598349184604537,-0.02185337096481277,0.01870044124768988,0.106547050824366,-0.05542374464712019,-0.09890394527728219,0.051885451611624944,0.025778531328077392,0.0004007618933474788,0.2096619561647337,0.03184801438806417,-0.06230388333615533,0.02477798902937245,0.029191806100803852
0.02346875247537028,-0.018559270954202844,0.008767786213448758,0.009914367808395497,0.020202707317519275,0.0016996724968336707,0.0075325545236006874,0.01262499772250436,0.015024293472089667,-0.06334180978204973,-0.01071821622002389,-0.013099850988593786,0.005346018078361325,0.009352105570280322,0.0025173078113773784,-0.02312736912931701,0.009299152341615269,-0.05842295322706503,-0.012040834698607283,-0.01739174271186905,0.00958394459530254,0.008508614233111444,0.011264135338246106,0.005841310392369792,0.004942111833663887,0.004012513905598425,0.01481508578514057,0.057158413839948685,0.009493742192250743,0.01936722573631222,0.02591857000384401,0.015073811819114269,0.021364382590597586,0.09864426425723671,0.03859755945042842,0.007934221098302885,-0.005950487548064487,-0.06671840603095625,-0.04069260330573776,-0.015501661416477575,-0.047512062015153234,0.06663402939291707,0.038845109918385745,-0.006320213064951119,-0.06437579733215415,-0.03694253533357639,-0.04078214446043127,0.012605530648173158,-0.0329167380041504,0.03546763511003448,-0.031441525834819295,-0.010297573832813711,0.027720672759329545
-0.0991441798726882,-0.22648257732400445,0.010200520309053829,0.011559548296881772,-0.06187540371808731,0.00001656794930227079,0.0027103696281889356,-0.013259544269653922,-0.03344665915038281,0.011091045539984634,0.002152853361101492,-0.0028551054369794215,0.007083854888405128,-0.020148431760503627,0.004390097988433261,0.0034602110648958018,0.010084201893874933,0.01662088123604044,0.04731714600791104,0.23361485118150505,0.00955584639634921,0.009348894044798328,0.010338004027708791,0.004835709151493006,0.0049053949902599925,0.004589137248755648,0.01459879942115272,0,0.0031446566794715025,0.022327171245940747,0.047890175528403134,0.005116758221582529,0.007674450694061363,0.027211963349719426,0.0576027134971433,-0.022294994507211285,0.021377540461040567,-0.0724906015307063,0.058544724071058596,0.03948237278838107,-0.002895289138498569,0.038682451829973985,-0.02020146432025527,0.0319945527328791,-0.04707876574152259,-0.012231737172147206,-0.0033407845029138628,-0.07450538589207234,-0.09777473736892972,0.008071068833791273,0.007343974255759278,0.06322584281595844,0.01373604091901548
0.07988062827198483,-0.2539909722140745,0.00945536766769628,0.011776446713000155,-0.06595796779179741,0.009764458817080879,0.008806506640937073,-0.018025100307950126,0.01441395192758943,0.04142029846329187,0.022329476398088133,0.03442559828018066,-0.0076764474983397335,0.03663413317978037,0.011201112754821274,-0.0034602110648958018,0.014397580996273973,0.02956700908687404,0.01737800446665505,-0.04255961441879608,0.012945241723116396,0.012941543535216482,0.012604758402773086,0.007044288235654506,0.007251155700757295,0.006547096258614715,0.014388737452099454,-0.057158413839948685,-0.0015710922320408827,0.011847621715732615,0.031472983326590764,-0.0018778402181407472,-0.0008245747633477407,-0.016649770716851364,0.025442977518840948,0.00866694801119472,0.02338917220745529,-0.034112150311711886,-0.03253495733093992,0.018319929663684675,0.02337951802009286,0.025076685077051408,-0.044346395919506065,0.0041238065294102455,-0.05132962356879922,-0.10285670172600803,-0.0758143715640145,0.01016453153359187,0.035994674427010764,0.02696436163835436,0.004866189651172803,-0.014682156074549368,0.016362857210481252
0.17384030224366143,0.43316104739478156,0.008129512924087479,0.010901736033586573,-0.022989518224698857,0.004722201443819074,0.010591241357579051,0.011493113218145723,0.04924657626954687,0.00779290932621457,-0.002105263935462176,0.01030582807446212,0.005320733805880273,-0.009858771931667398,0.011688844250312691,-0.0017346058122083008,0.011336007853898877,0.009393575301202328,-0.016979677434899476,-0.0648606342020408,0.006460911387954127,0.006912506921718631,0.007569627956673486,0.003993661606852328,0.004653350291768277,0.001071103672174445,0.04196419909903226,-0.125163142954006,0.0015710922320408827,0.003721608041947988,0.02043461765832255,-0.00833580883875662,0.004782615219095732,-0.07022212548665507,0.0583427054968233,0.04849531529165674,-0.012454205838292154,0.0680670926266913,0.012693281072237994,0.04726870115093362,0.04106587297558839,0.02647271578174326,-0.05015802537058711,-0.034054405854956116,0.010405291436674347,0.09926760761173092,-0.013404014164638767,-0.05863621690493126,0.19157200081736114,-0.00759265330980341,0.04971437865296302,-0.02749027754357769,0.004670723110557162
-0.02401609380012637,0.025315742108864114,0.013245567548603177,0.013735115811455145,0,0.007580754275996249,0.005370465115758449,-0.011788605121970441,-0.0039590555900206326,0.11550620390072197,-0.002109705423849917,0.004773278752657539,0.011723463696059255,0.03950011726233882,0.0006114338313389922,0.04414978461292929,0.010742186358989159,0.1154315830037459,0.10356679320379947,-0.012970350442627288,0.009572139058182216,0.010519958829586784,0.008455673699771182,0.005945457848710589,0.006897699733794838,0.003373959588296671,0.027028672387919173,0.06453852113757125,0.003134798805371375,0.0022027913340956218,0.020516335328899515,-0.011415478770295806,0.026291502697201707,-0.019335312780716762,-0.008888746538971759,0.03098382281121559,-0.0323948822374458,-0.022805001017944804,0.038099846232270806,0.004623650460976236,0.010934898260201109,0.029383780331210474,-0.03446184851099687,-0.008928329794382961,0.018375590569748468,-0.05933716253599819,0.03547464296556946,-0.03778325726121601,-0.06737640962456837,0.00967707303271581,0.031820866611079524,-0.0016906174779069971,0.00989188900509852
-0.061254356847001645,-0.18339311765376465,0.016874594147790134,0.017225150350137497,-0.04762804898925466,-0.0011959226548663437,0.003397598907160848,-0.0009794410577397272,-0.024837558138900206,-0.06269829005561434,0.023996978311350503,-0.0006805035989048136,-0.0099561583759753,0.050149783685471405,0.00426960087457573,0.00909472990588256,0.013150822987860522,-0.062391847053765215,0.04356150613381704,0.040926427709217394,0.01722704535854902,0.017726043660228896,0.013587652053338672,0.010879599971669762,0.011168163764811112,0.006318146103730271,-0.08338160893905089,0,0.004683849312426602,0.015130829121080325,0.01870440233975934,0.01242211805813831,0.015205132726075377,0.037342577269180666,-0.0004540879343615245,0.021939253289739113,0.02746343807553231,-0.08154533755807236,0.04131073200608526,-0.015007286718935475,0.07958927463463539,0.019730956694235857,-0.02598283601405882,0.0025360460687497977,0.02640984300675342,0.016006351207698444,0.0611046766274157,-0.005648097969572774,-0.08373085310252293,0.026202372394024565,0.028667894869571775,0.04440271651657923,0.01738113583967582
0.005317957783159244,-0.3458707024332046,0.013018812950155834,0.011050723797708883,-0.024692612590371477,0.012215972812659182,0.009968077551039123,0.04470012840131243,0.00982487355049333,0.04527721592914791,0.015345569674660275,0.01687518951888567,0.026141482796992577,-0.08503704268591239,0.02761279877053191,-0.005777977279888269,0.012150733253983859,0.04337847720870591,0.02679488775750638,0.10686314554236143,0.013738472201435314,0.013196167715520346,0.016154791405000424,0.006551975182297554,0.0060621464703842776,0.008342316196841892,0.014388737452099454,-0.06453852113757125,0,0.025468744224708573,0.022389268542942986,0.027803496716144238,0.05027459220814379,0.04561719950594423,0.040161988568661044,-0.007522872662987012,0.01467530062062039,0.014184634991957878,0.016570765306092028,0.01646365927321014,0.029557730725052522,0.051515589234377046,0.0488573718899481,0.0204131166996131,0.05087586102088615,0.07658623749221682,-0.0472146156615878,-0.009498795722340247,0.04491250086900678,0.028494804663234063,0.038384243008315444,0.05177874438225061,0.00812890220614193
0.05615611068353843,0.6705213781065957,0.015492966019731824,0.009144829345391514,0,0.009710111125957432,0.009015821178231853,-0.009227623814714647,0.022685086232215212,0.11959177514300823,0.034916265106227584,0.008331992877593564,-0.005173912087965249,-0.06519619955654132,0.002365465325334881,-0.03367321510658794,0.011213185842583684,0.09198238971165018,0.0849733802206436,0.02447285651872555,0.01260462935247375,0.012024853648050282,0.013949257510979862,0.007245915271123948,0.006631596465187073,0.007103183530722035,-0.028987536873252173,0,0.00155642054765881,0.020161017759850353,0.016854922522668403,0.022654507818620218,0.03441883641266763,0.017003370524847128,0.00999594090133904,-0.016226177836109912,0.00860752319786684,-0.02596155248070886,0.04891580020201047,0.030298175533939542,0.03216508016325115,-0.064366248972334,0.0682404862578938,0.04986173445124109,0.00847437049969102,0.13181418072811724,0.09403068912206969,-0.027119932104080036,0.1883443464719754,0.0007390073005382192,0.022751756983415916,-0.01574835696813892,0.013698844358161821
0.036606426404839354,-0.031655187036605525,0.010549815395663131,0.014192439247839417,-0.07796154146971168,0.0017841996057965659,0.0047469389302374765,-0.004614567301481465,-0.011716546614208845,-0.014140062773813078,-0.010842885924707168,0,0.02222947048856483,0.023579455820034845,0.004714210262726226,0.004271685265303304,0.014138329438777575,-0.018692133012152556,0.002762856707607675,0.036681566634604756,0.009910844311704636,0.009829872171259524,0.011607876931819305,0.006341515442990442,0.00639779622006742,0.005382674878841698,0.04317217186520872,0.06453852113757125,0.001554001866733934,0.0007134842757157145,-0.04240246352371635,0.031950421027223896,0.024889556885185016,0.048898140030349424,0.044000281583445044,0.008717168269681608,0.04510195860780364,0.019693937550950835,0.02141302985799065,0.10632763935607592,0.029035710000067994,-0.02653889780332186,-0.05167215724288177,-0.010785406016029953,0.0554684366256879,0.09543075564932302,0.11590128328631799,0.14359397312164823,-0.11586229767002543,-0.03686937973027682,0.04986077598029315,-0.02850549299792604,0.002658397666611023
-0.018064576901021923,-0.22388219968841483,0.006360455687001831,0.0061685710619361345,0.05264373348542173,-0.004788839978257187,0.0054440851051476,0.010086817144272509,-0.007303966103925141,-0.16987682347149402,-0.003972199860433179,0.0016581001974929066,0.00337648041660632,0.006149660651675326,0,0.01858161571213568,0.012743861330234196,-0.1709287262634136,-0.0435464258978806,-0.036681566634604756,0.008126493035636173,0.006633805214068644,0.009301493287743767,0.004359280720116487,0.0030344340146655213,0.002694398672410614,-0.07302513501489005,-0.06453852113757125,0.0061919702479205085,-0.036830385504226015,-0.0431672442507125,-0.032431286043943075,-0.011140772455100034,-0.0026192866436076656,-0.07252831889877065,0.0023599944873637924,-0.01352311590579447,0.009756174945364293,0.034564180933115196,-0.007939380014338582,-0.009506761727413604,0.005603335351080929,-0.06639855896983349,-0.06256734775278794,-0.003670462642467953,-0.11062483913079646,-0.07848882440886307,-0.02200546426911565,-0.10250388638383967,-0.0035833158382843067,0.03629815871067876,-0.06899287148695166,0.01289584108292452
-0.20906684558304356,-0.15868946800662798,0.00926561165511508,0.021593429565569977,-0.02597548640326064,0.011748431152428296,0.009618424411363513,0.012276477282063603,-0.004807184504222128,0.05803823610406056,0.006941029354234907,0.022605385174364834,0.018920987388951538,0,0.008196767204179167,-0.011784648168249312,0.017402835950541373,0.05425999235521006,-0.015164026657544127,-0.11394425934921792,0.003041543811580283,0.005373991490671415,0.005933054063365972,0.000953855538043058,0.0033099155481757236,0.0014466975672444704,0.058840500022933506,-0.06899287148695149,-0.009302392662313252,0.014832130014259093,-0.011517723472884711,0.03263125180154702,0.042400555529816586,0.032935313860821935,-0.06535297805139528,0.0619008612824512,0.015154864652252797,-0.02945011249631513,-0.0725166826911341,-0.023446089860307495,0.005213961346990814,-0.03100893952365702,0.08811212452914674,0.11482399079471506,0.03538040231180517,0.007156844823859032,0.04098536302047506,0.053722583756995235,-0.04494379236791346,-0.0048837007488309325,0.058304306980597076,0.02128645719781197,-0.00525548654896113
0.17422115811320005,0.468576645631682,0.012264405066652273,0.005482665520590402,-0.054067221270275745,0.00760665572913144,0.009710699729349237,0.01651708780269967,0.014797535525584493,0.07047504525607806,-0.022989518224698635,0.012554486479262827,0.004949144003580486,-0.0013633267278647665,0.021915525321193563,0.00843175315793765,0.00865670000275287,0.0778458832780915,0.004217362293047255,-0.08477473995791707,0.012494311567344596,0.012472069977835787,0.010088793213391511,0.006395739432178971,0.0065432371027789316,0.003268855699056772,-0.028987536873252173,-0.07410797215372183,-0.0015588467692913,0.03641670378993389,0.03490293679050005,0.037416058793221296,0.0061482085177431145,0.04791507382045701,-0.03068306637048046,-0.01405739729372435,0.040219237517380435,0.10796553178419366,0.09576457224468449,0.03221202684644808,0.05647139995697614,-0.04633054194301778,0.07184453509736244,0.06255401424635743,0.08054083545626511,0.09780429989695527,0.022134457825073284,0.0392839807238925,0.20402720436173993,0.025691353255234972,-0.10241500542807014,0.07099405041863527,-0.004694844304207635
0.11515019508129853,-0.049445526475709656,0.012120454329133779,0.006021070369103043,-0.02817087696669618,0.0024020194741991574,0.005094689308197786,-0.021349712970993195,-0.007672564092326972,-0.044162436243111,0.04255961441879563,-0.0009601536983439019,0.005470473161042655,0.03155683134175913,0.0005702880108939823,-0.011824462095022525,0.008105446901129909,-0.04485710991852132,-0.02391596379073513,-0.024424552007074718,0.011001103972905213,0.011263170381496934,0.011225143997872777,0.008401165492955442,0.008996215906581284,0.00578497970711922,0,0.07410797215372183,0.010861239431604552,0.030469655571696563,0.04741899643840952,0.019139189381643718,-0.027706145658735082,0.06291471635628909,-0.014679449053081939,0.021306018868477494,0.028882096184917216,0.02780495636738145,0.07429980686384141,-0.01221147912776921,0.042653283299371125,-0.004281006627348205,0.09408156290218628,-0.0993840944489417,0.04222773383434841,0.025932394980983986,0.0438137916205914,0.03791477699658685,0.010239742090503157,0.0789216529916974,0.0019588644853332227,0.01968465528618424,0.016625729317372162
-0.3268634959650285,-0.21433687635728482,0.008080842709283331,0.015561081294281465,0.02817087696669618,0.000837010713939712,0.0015446092859754401,-0.014166012839949893,-0.012167020043308163,-0.01066885350594493,-0.012676912818783137,0.006065461532488214,-0.0016380020042383592,-0.003310165220454131,-0.002283106014568048,-0.0025521068722351714,0.009963333596614277,-0.013518793943559593,0.012848142477849045,0.027101929777791245,0.009404892581574842,0.009959290174585078,0.010351125348663004,0.005820191139566333,0.006233686853644116,0.005230242193077217,-0.0606246218164348,0,0.004618945856295298,0.015418536443737807,0.026997867633074435,0.0074914130834180526,-0.0002330423691709882,-0.03090172658096968,0.023876166389651843,0.0456143876086994,0.0186728785360728,-0.04135982454729792,0.08782941909389308,0.04218799047928812,-0.01573598864980319,-0.010512383606153364,0.06299445237163326,-0.048915506249020524,-0.05003077950256163,0.08223427992012411,-0.03702379094949215,-0.01195978863625946,-0.03910700002916734,0.03354564399128179,0.10045614094273692,0.07650497978797333,0.014074625559555187
-0.020711500339359645,-0.031010757727779392,-0.007792937957329826,0.015675959888431734,0.20067069546215133,0.004430309582464709,0.007565369253252463,0.0066156710688876075,-0.007222658249589564,-0.12317573940780768,-0.0009818361122571062,0.03163928749175149,0.014107667510678823,-0.05241076901145103,0.018120541113194832,0.006791197578001729,0.010106749880250732,-0.12723207440805873,-0.11284435089735712,-0.0663226429310726,-0.012311711763175026,-0.017625118154999342,-0.016964896889270165,-0.015918036187724027,-0.021104936345750502,-0.023221595417460605,0.030771658666753465,-0.24116205681688796,0.0030674870678613075,0.026530184014474045,0.042986421229429084,0.014992183307532159,-0.053042578265309004,-0.020620269923071533,0.02797761338048943,0.005149734155201813,0.007321952281728272,0.009350922016860608,0.12255568781298365,-0.03315842493098309,-0.0008151810444374519,0.030817275483673967,-0.003309186467552294,0.14695273117695073,-0.000462415874242339,0.019417351563728147,0.010520217676335264,-0.04013072053133371,-0.018989062661475486,-0.027991359867211685,-0.12021963006157677,0.046649599670320896,0.03227444428446091
-0.03874006579144407,0.20565222006205452,-0.09241855253797482,-0.06758602547064996,0.9162907318741551,-0.001232768535224693,0.005747990384178614,-0.013977117416710705,0.018114314068354176,-0.08732590421848574,0.04888371391457724,0.0027713643603837212,0.00858374369139181,0.03569356258148204,0.002242153405689784,-0.005089069507471677,0.07320841061051198,-0.07071182334983583,-0.12513871427962697,-0.11172996394330625,-0.10124301116224643,-0.10851533771754873,-0.1293823059248158,-0.0966853773607319,-0.10428004564075977,-0.1293824908351926,-0.14660347419187514,-0.20067069546215122,0.039043998282265235,-0.012806211392865308,-0.01716055433007746,-0.00972153576197421,-0.06466319276158039,0.03701449515746269,0.02422203990624361,0.0009613241935166883,0.009171033840919662,-0.01779230487957406,0.2618902066485109,-0.05578801055747995,0.032116703825346704,-0.0044180538830982385,-0.08012210539212106,-0.032594356401931535,0.013894339895180963,0.05362364819321108,-0.015487606300920831,-0.06397052130243175,-0.022904041487628035,-0.16389101657564176,-0.008016074988235644,-0.30153418525993203,-0.018113913131845294
0.3222048193375304,0.10462394159725363,0.08423210296198036,0.04666148736554021,-0.33103251332539463,0.009585521117256413,0.004716063696715622,0.0078080224562784295,0.0057858507869879006,0.05356531540067966,0.2071130335868201,0.0018433184942887593,0.010627092574285513,-0.002024975379772087,0.0033538320984307646,-0.005115100666770012,-0.022727689818454522,0.046813227775976185,0.0024885952287653224,-0.07632226755963356,0.09767304322960157,0.10677436514069427,0.08646725226278384,0.08940915701620256,0.09871378042387846,0.07895622690986492,0.11583181552512167,0,-0.0073910166463893034,-0.3352607221375763,-0.26154304965746,-0.39076080020976356,-0.4224567568795976,-0.3765411018991145,-0.41150923523289684,-0.3657848238499213,-0.4118525814992733,-0.3711547440268106,-0.3424256895610185,-0.3619986432051032,-0.336569266272873,-0.37058463539484876,-0.4168320377429655,-0.42513834881398793,-0.35727426080788405,-0.34969190822108764,-0.3410462102387388,-0.3720623330919892,0.20524380164592948,0.2424235927584384,0.03751673938493383,0.28714544780783235,0.021422435587407307
0.04950734244305899,-0.052281187694829256,0.01589645962527264,0.03730956285715692,-0.16475523307605555,0.0007450735240626116,0.002077542810165589,-0.016022233332535052,0.0012581110183935706,-0.008985336852420645,-0.10662874664582134,0.0018399269220070735,0,0.053924963641470924,-0.002234637801415751,-0.005141399500418586,-0.011166453262449139,0.004387896465419372,0.06844038528505259,-0.08263226458027007,0.01362138687605352,0.014345620058495712,0.019534078883705064,0.009567867199447022,0.010555798961231488,0.013974291012662121,0.015504186535965081,0.10536051565782628,-0.024025179586989687,0.3816746777263482,0.42748047340940154,0.3433091363698981,0.2885686666844105,0.3154554804159737,0.3604683797525876,0.345869254045466,0.36603314700824363,0.38875108574683104,0.25092081916572617,0.3291746689013646,0.31962197399329995,0.332876449812991,0.3280534411233056,0.4192841247508152,0.3585025521812959,0.31213517511516287,0.24325050325027675,0.32113586131558414,-0.0016444935047896792,0.06684277703701902,0.07286134826487167,0.0827464866566654,0.028491955794304857
-0.09666450967137585,0.0163241382476631,0.027680975713538558,0.006875539565839972,-0.09381875521765504,0.01676251914058824,0.008528153674869365,0.0068002866413658936,0.020838985937563947,0.24319190509231348,0.11344953853090978,0.02839212155348836,0.024022042838888424,0.04811924834419834,0.018288123994148364,0.011955735920148314,0.10984860809461416,0.2380925521047269,0.19831166403524036,0.171653115477031,0.03671297358955883,0.038871647894410444,0.019159392776373352,0.025737746403944328,0.028007636558939453,0.00976801280444839,0.04512043528046972,-0.10536051565782628,-0.0030441423812277435,0.037060357324611104,0.0706064816796026,0.0068063176500974265,-0.09078127547962644,-0.0029145058358661657,0.023856270105179433,0.006781462690710782,-0.005848101419417162,-0.06497631089440326,-0.05012478039176749,-0.03509997542775167,-0.025168499638375863,0.005602340605108225,0.0980654948106654,-0.037997849625520885,-0.005736493127772135,-0.012235743390322185,-0.06983624926474086,0.04532946397622517,0.061659086443578204,0.06714189453512631,0.16260901552999663,0.004437408232124795,0.03625298499514962
0.08431796555769466,0.32436930034394074,0.0323214674899166,0.028746783051573743,-0.03333642026759165,0.025418226912512054,0.015593582612027923,0.05312380975237563,0.04309699103427711,0.08218804342800379,0.23515570776221306,0.01213571205863051,0.016884514702008246,0.055190510378550606,0.01957648162509784,-0.0016992357529597157,-0.05484042762232555,0.08560136567736398,0.041938122686449475,-0.04847475650241084,0.044089244991944554,0.04634901675340686,0.041437187246117446,0.028493722589200132,0.03140222815003213,0.028958031856225475,-0.09237332013101507,0,-0.0030534374868906866,0.03643702537713445,0.05861119115936475,0.015339404437080262,-0.1766549968716955,0.046630568506165204,0.07266962528054322,0.010107689919957252,-0.0478454054241233,-0.0764675939375099,-0.23433685773887802,0.007541543650235738,0.003652939918380227,0.08387626326175734,0.01683550957777946,0.02719737989801274,0.06829174668773064,0.07381481236888021,0.0011857969285120618,0.04657588191863837,0.12655827174498135,-0.046209060689758275,0.12236669532404143,0.006514681021192459,0.03970682186271013
0.03579234586340618,-0.0023276785893386887,0.021611535296763407,0.02760768310829853,-0.20633643299782856,0.009575059509653094,0.011976530738686542,-0.008341391218221084,0.026761357054270185,0.03416733555791662,-0.20575090793367767,0.003820289743514671,0.043358804536500095,-0.037807393653265464,0.027832011444814952,0.005545817973885647,0.004236485859975048,0.03577920916464605,0.02908314706189441,-0.0033167526259940683,0.020885815979340805,0.02059934767783389,0.03314302212531928,0.007285021659633628,0.007591692372489689,0.021994888762357334,-0.06669137449867235,0,0,0.018099901610428404,0.0284022008946625,0.007979992074163889,-0.1307960242802384,0.0055991341496142155,0.03932964026572172,0.022580401732003708,-0.02446816633619342,-0.052726108447140874,-0.05066515597344434,-0.03320730871158517,-0.01563884255187986,-0.0032351205826373075,0.014386136422873008,-0.001204333755929099,0.025422710887536226,0.013645687478939905,0.028429320891898868,0.07468896639643496,-0.06911659611636622,-0.014765501057226516,0.041147144905171906,-0.013921338518606774,0.04910891184792909
-0.09499568493407473,-0.22196673466787864,0.03335208240371301,0.030809164952332324,-0.20763936477824463,0.016242998748187354,0.013188697177445086,0.014535102313617543,0.018982682752130664,0.04254798090838019,-0.02440974305211352,-0.0018481257057114675,0.029997272345385184,0.12048297974477507,0.01489317892626918,0.01109221008382466,0.007441819803579719,0.040137163499995854,0.07319992744931958,0.032682647430358536,0.022696575187108436,0.021730863300977177,0.019942519197186925,0.0076909013564154804,0.007578651171943562,0.00866533633726263,-0.035091319811270116,0,0.0015278841780537178,0.016513187259867834,0.021795487585636764,0.011244037794467587,-0.05591481280481858,-0.009984137548055827,0.04769669787757813,0.022782796412855078,0.0177725077292763,0.060036493587531936,-0.09230880608305903,0.052350004595075106,-0.003668787540602736,-0.004493508782285716,-0.03356313663996957,0.02501400723540037,-0.04137166828002492,-0.0166301427757638,0.0291362337646639,0.07272703539772785,-0.02975866423814999,0.0542342254248922,0.033251145148687655,0.06754747736548161,0.05667303743414287
-0.048966271311284615,0.06140809324818264,0.015946689086153043,0.01634260023777223,-0.08004270767353638,0.030734920722311543,0.020878835422087683,0.038700858432958896,0.054360645933848595,0.23420356560057698,0.25988753068245973,0.07109946244385945,0.05591715048560353,0.015449230624985155,0.0395121993091081,0.004930412887592439,0.00742437246851857,0.23817967584419786,0.3379620824233327,0.4065363454896631,0.02137030534894535,0.02094461582387197,0.01712659228068958,0.003346605933145952,0.0027086914942628937,0.005205812346222416,0.035091319811270116,-0.11778303565638343,-0.0015278841780537178,0.0378964588476407,0.05295496574924918,0.02256319888777547,0.04072019145655226,0.005996936769687267,0.018673038560015343,0.02415332677927573,0.013759754722260098,-0.033731548043375525,0.003252559022335788,0.009601302714644433,0.010694271845647307,-0.08499819122152985,0.00781868369835692,0.0206776964802593,0.0531119078554827,0.007910105372832987,0.06104134281313911,0.10069548967826236,0.06178477752975198,0.04661394321679602,0.055059777183027236,0.023932095499000994,0.06079518631975134
0.11238163415624136,0.26287144195242007,0.020325171070119552,0.012054641390955467,0,0.030172805242266065,0.02472775462087906,0.039397626802442076,0.09785856704366225,0.16050096273396441,-0.10994024869818997,0.04596458720308316,0.02186792729129028,0.08409569571167985,0.04222228438280684,0.024180173339956035,0.012051961691300406,0.1520992613134451,0.11967481351272702,0.19930710315969868,0.02264965515282924,0.022007893374833998,0.024720206997500327,0.005053580636545263,0.004541090884874421,0.011160792252326246,-0.035091319811270116,0,0.00609757986811843,0.04055294806661536,0.0792841137770548,-0.0011300273228567193,0.016649138850427292,0.006566284289210245,0.06662033841071313,0.005114103492264377,-0.025453552310361616,-0.03454921232415309,0.060111961847258755,0.003040347338476579,-0.02564504150380742,0.08890491111920085,-0.06935314505587797,-0.03518046423497978,0.06033755769201932,0.10745648491500148,0.04452633656691596,-0.006635006060013993,0.09885212950633004,-0.06730368189610658,0.022367030146895672,-0.04297265469609535,0.05472986790508649
0.09441975209616515,0.12657316055474155,0.01865377282858205,0.01684057769511682,-0.02817087696669618,0.0016758866815020923,0.018418558108731276,0.046751358775637186,0.017424451536536267,-0.2653308528441922,-0.11799733647652033,0.013268698965267944,0.04591571284990881,0.04103388724559309,0.038230484716047286,0.03785915955277375,0.013034344531591913,-0.27635274563504675,-0.14185833361088362,0.1616413515564159,0.01616596984944252,0.016086464221196195,0.021554536770199917,0.005594890444807987,0.005801757506837646,0.008999257557244178,0.06899287148695143,0.11778303565638343,0.003034903695153801,0.00827123762516635,-0.03979143773280036,0.059509799698574284,0.09432133812260268,0.01629287472066565,0.0888259554530837,0.027861691073013617,0.008475905528584349,0.10815205659111449,0.06519112376830627,0.03059574251171071,0.03613254009832012,0.030309521207160017,-0.027097725318681043,0.10381109031669489,0.06468610664898655,0.16197916816449442,0.04487640410359184,0.16766192992706763,-0.15843159451711486,-0.08460815761032592,0.04217149099067541,-0.12759426246582528,0.010280833929067867
-0.25685579841776374,-0.1873242563284645,0.015759229579972,0.012240487605291506,0,-0.000037061682436778653,0.013622008104834826,-0.007479286338473834,-0.01969750916621571,-0.13809396489741843,0.018012266408096167,0.0005720293282349687,0.000587251658370036,0.06091689827727631,0.021809960219192348,0.004611773246853801,0.014125747553473289,-0.13829589676989107,-0.057500127004533,-0.04268940869505067,0.012947879331491663,0.012172590376756887,0.020042936256459143,0.00517757914512984,0.0048021794708716925,0.006382821570042552,-0.03390155167568132,-0.11778303565638343,-0.00151630051796392,0.0022627350610182617,-0.045487103032836984,0.04848109822986757,0.1358015411590614,0.05213342915788566,0.06610379459837823,0.04281067393855409,0.06427323951118602,-0.1258237825058206,-0.006288344641548704,0.05929690515955599,0.050108601810165965,0.012971887950588012,0.001191118513670375,0.04406481432377696,0.02357445384162027,-0.024487863935089393,0.0870084062058023,0.08214164391567991,-0.2134460744594815,-0.13165463261166188,-0.014615212370970632,-0.032950755312159075,0.00783703070728059
